{
  "hash": "15a8a4c4",
  "configHash": "75c9fed1",
  "lockfileHash": "72a92126",
  "browserHash": "0d8871cf",
  "optimized": {
    "@angular/common": {
      "src": "../../../../../../node_modules/@angular/common/fesm2022/common.mjs",
      "file": "@angular_common.js",
      "fileHash": "be950229",
      "needsInterop": false
    },
    "@angular/common/http": {
      "src": "../../../../../../node_modules/@angular/common/fesm2022/http.mjs",
      "file": "@angular_common_http.js",
      "fileHash": "04d712d9",
      "needsInterop": false
    },
    "@angular/core": {
      "src": "../../../../../../node_modules/@angular/core/fesm2022/core.mjs",
      "file": "@angular_core.js",
      "fileHash": "686f1ed0",
      "needsInterop": false
    },
    "@angular/forms": {
      "src": "../../../../../../node_modules/@angular/forms/fesm2022/forms.mjs",
      "file": "@angular_forms.js",
      "fileHash": "f114d442",
      "needsInterop": false
    },
    "@angular/platform-browser": {
      "src": "../../../../../../node_modules/@angular/platform-browser/fesm2022/platform-browser.mjs",
      "file": "@angular_platform-browser.js",
      "fileHash": "68efb07f",
      "needsInterop": false
    },
    "@angular/router": {
      "src": "../../../../../../node_modules/@angular/router/fesm2022/router.mjs",
      "file": "@angular_router.js",
      "fileHash": "2327b40d",
      "needsInterop": false
    }
  },
  "chunks": {
    "chunk-SXOAP76R": {
      "file": "chunk-SXOAP76R.js"
    },
    "chunk-RBZP3YPX": {
      "file": "chunk-RBZP3YPX.js"
    },
    "chunk-Q54ODLKT": {
      "file": "chunk-Q54ODLKT.js"
    },
    "chunk-K4VHLWUJ": {
      "file": "chunk-K4VHLWUJ.js"
    },
    "chunk-RBJASJIM": {
      "file": "chunk-RBJASJIM.js"
    }
  }
}